issue,count,examples
textualProduction.religion:not_list,910,"[{""reference"": ""134"", ""type"": ""dict"", ""preview"": ""{'value': 'Auteur actif dans le champ religieux :', 'meta': {}, 'opus': [{'title': [{'value': '&[Sermon pour la Nativité de la Sainte Vierge]&', 'meta': {'titles': ['[Sermon pour la Nativité de la Sai""}, {""reference"": ""9"", ""type"": ""dict"", ""preview"": ""{'value': 'Auteur actif dans le champ religieux :', 'meta': {}, 'opus': [{'title': [{'value': '&Sermones (51)&', 'meta': {'titles': ['Sermones (51)']}}], 'dateAndPlace': [{'value': '?', 'meta': {}}], ""}, {""reference"": ""607"", ""type"": ""dict"", ""preview"": ""{'value': 'Auteur actif dans le champ religieux :', 'meta': {}, 'opus': [{'title': [{'value': '&Sermon pour le troisième dimanche de Carême&', 'meta': {'titles': ['Sermon pour le troisième dimanche de""}, {""reference"": ""275"", ""type"": ""dict"", ""preview"": ""{'value': 'Auteur actif dans le domaine religieux :', 'meta': {}, 'opus': [{'title': [{'value': '&Quodlibet&', 'meta': {'titles': ['Quodlibet']}}], 'dateAndPlace': [{'value': '?', 'meta': {}}], 'manus""}, {""reference"": ""553"", ""type"": ""dict"", ""preview"": ""{'value': 'Auteur actif dans le champ religieux.', 'meta': {}, 'opus': [{'title': [{'value': '&Quaestiones disputatae 17&', 'meta': {'titles': ['Quaestiones disputatae 17']}}], 'dateAndPlace': [{'valu""}]"
textualProduction.philosophy:not_list,305,"[{""reference"": ""134"", ""type"": ""dict"", ""preview"": ""{'value': 'Auteur actif dans le champ philosophique :', 'meta': {}, 'opus': [{'title': [{'value': '&Notulae super librum Topicorum& (R.1 et R.2)', 'meta': {'titles': ['Notulae super librum Topicorum']""}, {""reference"": ""752"", ""type"": ""dict"", ""preview"": ""{'value': 'Auteur actif dans le champ philosophique :', 'meta': {}, 'opus': [{'title': [{'value': '&Sententia libri Topicorum&', 'meta': {'titles': ['Sententia libri Topicorum']}}], 'titleVariant': [{""}, {""reference"": ""763"", ""type"": ""dict"", ""preview"": ""{'value': 'Auteur actif dans le champ philosophique :', 'meta': {}, 'opus': [{'title': [{'value': '&Quodlibetum&', 'meta': {'titles': ['Quodlibetum']}}], 'dateAndPlace': [{'value': '%1335% (Bologne)',""}, {""reference"": ""152"", ""type"": ""dict"", ""preview"": ""{'value': 'Auteur actif dans le champ philosophique :', 'meta': {}, 'opus': [{'title': [{'value': '&In Boethium de consolatione philosophiae&', 'meta': {'titles': ['In Boethium de consolatione philoso""}, {""reference"": ""482"", ""type"": ""dict"", ""preview"": ""{'value': 'Auteur actif dans le champ philosophique :', 'meta': {}, 'opus': [{'title': [{'value': '&In lib. Priorum Anayticorum&', 'meta': {'titles': ['In lib. Priorum Anayticorum']}}], 'dateAndPlace'""}]"
textualProduction.political:not_list,248,"[{""reference"": ""482"", ""type"": ""dict"", ""preview"": ""{'value': 'Auteur actif dans le champ politique :', 'meta': {}, 'opus': [{'title': [{'value': '&Epitome librorum S. Augustini de Civitate Dei&', 'meta': {'titles': ['Epitome librorum S. Augustini de C""}, {""reference"": ""50984"", ""type"": ""dict"", ""preview"": ""{'value': 'Auteur ocasionel :', 'meta': {}, 'opus': [{'title': [{'value': '&(Discours prononcé devant Urbain V)&', 'meta': {'titles': ['(Discours prononcé devant Urbain V)']}}], 'dateAndPlace': [{'val""}, {""reference"": ""385"", ""type"": ""dict"", ""preview"": ""{'value': 'Auteur actif dans le champ politique :', 'meta': {}, 'opus': [{'title': [{'value': '&Ethica 1&', 'meta': {'titles': ['Ethica 1']}}], 'dateAndPlace': [{'value': '%1248-1252% à Cologne ;', 'm""}, {""reference"": ""210"", ""type"": ""dict"", ""preview"": ""{'value': 'Auteur actif dans le domaine politique.', 'meta': {}, 'opus': [{'title': [{'value': '&De Ostensione Veritatis&', 'meta': {'titles': ['De Ostensione Veritatis']}}], 'dateAndPlace': [{'value'""}, {""reference"": ""3119"", ""type"": ""dict"", ""preview"": ""{'value': 'Auteur actif dans le champ politique :', 'meta': {}, 'opus': [{'title': [{'value': '&Ierapigra ad purgandos praelatos&', 'meta': {'titles': ['Ierapigra ad purgandos praelatos']}}], 'dateAnd""}]"
textualProduction.history:not_list,227,"[{""reference"": ""172"", ""type"": ""dict"", ""preview"": ""{'value': 'Auteur actif dans le champ historique :', 'meta': {}, 'opus': [{'title': [{'value': '&Liber de legationibus concilii Basiliensis pro reductione Bohemorum&', 'meta': {'titles': ['Liber de le""}, {""reference"": ""15556"", ""type"": ""dict"", ""preview"": ""{'value': 'Auteur actif dans le champ historique (hagiographie) :', 'meta': {}, 'opus': [{'title': [{'value': '&Magna Vita Hugonis&', 'meta': {'titles': ['Magna Vita Hugonis']}}], 'dateAndPlace': [{'v""}, {""reference"": ""15484"", ""type"": ""dict"", ""preview"": ""{'value': 'Auteur actif dans le champ historique :', 'meta': {}, 'opus': [{'title': [{'value': '&Tractatus primus&', 'meta': {'titles': ['Tractatus primus']}}], 'titleVariant': [{'value': '&Tractatus ""}, {""reference"": ""385"", ""type"": ""dict"", ""preview"": ""{'value': 'Auteur actif dans le champ historique (géographie) :', 'meta': {}, 'opus': [{'title': [{'value': '&De natura locorum&', 'meta': {'titles': ['De natura locorum']}}], 'dateAndPlace': [{'value""}, {""reference"": ""154"", ""type"": ""dict"", ""preview"": ""{'value': 'Chroniqueur :', 'meta': {}, 'opus': [{'title': [{'value': '&Supplementum chronici magistri Aegidii a Roya et Bartholomei de Beca, religiosorum Dunensium, ab anno 1463 ad annum 1478&', 'meta""}]"
textualProduction.administrativePractice:not_list,210,"[{""reference"": ""55329"", ""type"": ""dict"", ""preview"": ""{'value': 'Auteur actif dans le domaine pragmatique :', 'meta': {}, 'opus': [{'title': [{'value': '&Epistola&', 'meta': {'titles': ['Epistola']}}], 'dateAndPlace': [{'value': '%1108%.', 'meta': {'date""}, {""reference"": ""1091"", ""type"": ""dict"", ""preview"": ""{'value': 'Actif dans le domaine des actes de la pratique:', 'meta': {}, 'opus': [{'title': [{'value': '&(Mémoire justificatif)&', 'meta': {'titles': ['(Mémoire justificatif)']}}], 'dateAndPlace': [{'""}, {""reference"": ""51660"", ""type"": ""dict"", ""preview"": ""{'value': 'Auteur actif dans le champ pratique :', 'meta': {}, 'opus': [{'title': [{'value': '&(Constitutions de l’ordre des Trinitaires)&', 'meta': {'titles': ['(Constitutions de l’ordre des Trinitai""}, {""reference"": ""53476"", ""type"": ""dict"", ""preview"": ""{'value': 'Textes et documents de la pratique administrative:', 'meta': {}, 'opus': [{'title': [{'value': '(Diplômes, Instructions et Règlements)', 'meta': {}, 'comment': ['    /Actes copiés et inséré""}, {""reference"": ""741"", ""type"": ""dict"", ""preview"": ""{'value': 'Documents de la pratique :', 'meta': {}, 'opus': [{'title': [{'value': '&Constitutiones synodales I&', 'meta': {'titles': ['Constitutiones synodales I']}}], 'dateAndPlace': [{'value': '%137""}]"
textualProduction.science:not_list,210,"[{""reference"": ""16804"", ""type"": ""dict"", ""preview"": ""{'value': 'Auteur actif dans le champ scientifique :', 'meta': {}, 'opus': [{'title': [{'value': '&De humido radicali&', 'meta': {'titles': ['De humido radicali']}}], 'dateAndPlace': [{'value': '?', '""}, {""reference"": ""385"", ""type"": ""dict"", ""preview"": ""{'value': 'Auteur actif dans le champ scientifique :', 'meta': {}, 'opus': [{'title': [{'value': '&Liber Physicorum&', 'meta': {'titles': ['Liber Physicorum']}}], 'titleVariant': [{'value': '&Physica&""}, {""reference"": ""833"", ""type"": ""dict"", ""preview"": ""{'value': 'Auteur actif dans le champ scientifique :', 'meta': {}, 'opus': [{'title': [{'value': \""&Questio disputata 'Utrum primum principium sive Deus'&\"", 'meta': {'titles': [\""Questio disputata 'Utru""}, {""reference"": ""487"", ""type"": ""dict"", ""preview"": ""{'value': 'Auteur dans le champ scientifique :', 'meta': {}, 'opus': [{'title': [{'value': '&Massa compoti&', 'meta': {'titles': ['Massa compoti']}}], 'titleVariant': [{'value': '&Compotus ecclesiasti""}, {""reference"": ""551"", ""type"": ""dict"", ""preview"": ""{'value': 'Auteur actif dans le champ scientifique:', 'meta': {}, 'opus': [{'title': [{'value': '&In lib. Averrois De substantia orbis, comm.&', 'meta': {'titles': ['In lib. Averrois De substantia orb""}]"
textualProduction.philosophyExtended:not_list,152,"[{""reference"": ""476"", ""type"": ""dict"", ""preview"": ""{'value': 'Œuvres rejetées dans le champ grammatical :', 'meta': {}, 'opus': [{'title': [{'value': '&Exoticon&', 'meta': {'titles': ['Exoticon']}}], 'dateAndPlace': [{'value': '?', 'meta': {}}], 'lang""}, {""reference"": ""17153"", ""type"": ""dict"", ""preview"": ""{'value': 'Auteur actif dans le champ philologique :', 'meta': {}, 'opus': [{'title': [{'value': '&Ars dictandi&', 'meta': {'titles': ['Ars dictandi']}}], 'dateAndPlace': [{'value': '?', 'meta': {}}],""}, {""reference"": ""487"", ""type"": ""dict"", ""preview"": ""{'value': 'Auteur actif dans le champ philologique :', 'meta': {}, 'opus': [{'title': [{'value': '&Doctrinale&', 'meta': {'titles': ['Doctrinale']}}], 'titleVariant': [{'value': '&Grammatica versibus ""}, {""reference"": ""59685"", ""type"": ""dict"", ""preview"": ""{'value': 'Éditeur actif dans le champ philologique.', 'meta': {}, 'opus': [{'title': [{'value': '&Opera&', 'meta': {'titles': ['Opera']}}], 'dateAndPlace': [{'value': '%1498%', 'meta': {'dates': [{'t""}, {""reference"": ""822"", ""type"": ""dict"", ""preview"": ""{'value': 'Auteur actif dans le champ grammatical :', 'meta': {}, 'opus': [{'title': [{'value': '&De arte dialectica&', 'meta': {'titles': ['De arte dialectica']}}], 'titleVariant': [{'value': '&Ars d""}]"
textualProduction.justice:not_list,128,"[{""reference"": ""134"", ""type"": ""dict"", ""preview"": ""{'value': 'Auteur actif dans le champ juridique (droit canon) :', 'meta': {}, 'opus': [{'title': [{'value': '&Summa causarum de facto et usu curie&', 'meta': {'titles': ['Summa causarum de facto et us""}, {""reference"": ""301"", ""type"": ""dict"", ""preview"": ""{'value': 'Auteur actif dans le champ juridique :', 'meta': {}, 'opus': [{'title': [{'value': '&Harengua... quando creavit dominum Ricardum de Bisontino Aurelianens. doctorem&', 'meta': {'titles': ['H""}, {""reference"": ""210"", ""type"": ""dict"", ""preview"": ""{'value': 'Auteur dans le domaines juridique :', 'meta': {}, 'opus': [{'title': [{'value': '&(Commentaire du Décret [Opus Remissorium super Decreto])&', 'meta': {'titles': ['(Commentaire du Décret [Op""}, {""reference"": ""15302"", ""type"": ""dict"", ""preview"": ""{'value': 'Auteur actif dans le champ juridique :', 'meta': {}, 'opus': [{'title': [{'value': '&(Opinions citées dans les Gloses sur la Compilatio Prima)&', 'meta': {'titles': ['(Opinions citées dans ""}, {""reference"": ""50875"", ""type"": ""dict"", ""preview"": ""{'value': 'Auteur actif dans le champ juridique.', 'meta': {}, 'opus': [{'title': [{'value': '&Liber contra exemptos&', 'meta': {'titles': ['Liber contra exemptos']}}], 'dateAndPlace': [{'value': '%13""}]"
textualProduction.litterature:not_list,97,"[{""reference"": ""53476"", ""type"": ""dict"", ""preview"": ""{'value': 'Auteur actif dans le champ littéraire:', 'meta': {}, 'opus': [{'title': [{'value': '(Correspondance)', 'meta': {}, 'comment': [\""\\t/Lettres privées,  avec divers interlocuteurs, copiées et i""}, {""reference"": ""117"", ""type"": ""dict"", ""preview"": ""{'value': 'Actif dans le domaine littéraire :', 'meta': {}, 'opus': [{'title': [{'value': '&Jeu de la Feuillée&.', 'meta': {'titles': ['Jeu de la Feuillée']}}], 'dateAndPlace': [{'value': '?%1276%', '""}, {""reference"": ""1100"", ""type"": ""dict"", ""preview"": ""{'value': 'Auteur actif dans le champ littéraire :', 'meta': {}, 'opus': [{'title': [{'value': '&Facetiae&', 'meta': {'titles': ['Facetiae']}}], 'dateAndPlace': [{'value': '?', 'meta': {}}], 'manuscri""}, {""reference"": ""1088"", ""type"": ""dict"", ""preview"": ""{'value': 'Auteur actif dans le champ littéraire:', 'meta': {}, 'opus': [{'title': [{'value': '(Correspondance)', 'meta': {}, 'comment': [\""\\t/Lettres privées,  avec divers interlocuteurs, copiées et i""}, {""reference"": ""59685"", ""type"": ""dict"", ""preview"": ""{'value': 'Auteur actif dans le champ littéraire :', 'meta': {}, 'opus': [{'title': [{'value': '&Adagia. Prosopopoeia Britanniae Majoris&', 'meta': {'titles': ['Adagia. Prosopopoeia Britanniae Majoris""}]"
textualProduction.discussedReligion:not_list,78,"[{""reference"": ""134"", ""type"": ""dict"", ""preview"": ""{'value': 'Les œuvres suivantes, appartenant au champ religieux, lui sont souvent attribuées mais ne sont probablement pas de lui :', 'meta': {}, 'opus': [{'title': [{'value': '&Comm. in Acta apostolo""}, {""reference"": ""15304"", ""type"": ""dict"", ""preview"": ""{'value': \""Ouvrages dont il n'est pas l'auteur :\"", 'meta': {}, 'opus': [{'title': [{'value': \""&Ordinaire de l'Église de Laon&\"", 'meta': {'titles': [\""Ordinaire de l'Église de Laon\""]}}], 'dateAndPlace':""}, {""reference"": ""16804"", ""type"": ""dict"", ""preview"": ""{'value': 'Œuvres dans le champ religieux dont on considère aujourd’hui qu’$Arnau de VILANOVA$ n’est pas l’auteur :', 'meta': {'names': ['Arnau de VILANOVA']}, 'opus': [{'title': [{'value': '&Quaestio""}, {""reference"": ""385"", ""type"": ""dict"", ""preview"": ""{'value': 'Œuvre dans le champ religieux dont l’authenticité n’est pas reconnue :', 'meta': {}, 'opus': [{'title': [{'value': '&De quidditate et esse&', 'meta': {'titles': ['De quidditate et esse']}}]""}, {""reference"": ""487"", ""type"": ""dict"", ""preview"": ""{'value': 'Œuvres rejetées dans le champ religieux :', 'meta': {}, 'opus': [{'title': [{'value': '&Sermones&', 'meta': {'titles': ['Sermones']}}], 'dateAndPlace': [{'value': '?', 'meta': {}}, {'value'""}]"
textualProduction.medicineOpus:not_list,78,"[{""reference"": ""3141"", ""type"": ""dict"", ""preview"": ""{'value': 'Auteur actif dans le champ religieux :', 'meta': {}, 'opus': [{'title': [{'value': '&Recepta pro restriccione emorroidarum&', 'meta': {'titles': ['Recepta pro restriccione emorroidarum']}}]""}, {""reference"": ""16804"", ""type"": ""dict"", ""preview"": ""{'value': 'Auteur actif dans le champ médical :', 'meta': {}, 'opus': [{'title': [{'value': '&Tabula syruporum et electuariorum&', 'meta': {'titles': ['Tabula syruporum et electuariorum']}}], 'dateAnd""}, {""reference"": ""833"", ""type"": ""dict"", ""preview"": ""{'value': 'Auteur actif dans le champ médical :', 'meta': {}, 'opus': [{'title': [{'value': '&Commentarius super primam fen primi canonis Avicenne&', 'meta': {'titles': ['Commentarius super primam fen""}, {""reference"": ""17157"", ""type"": ""dict"", ""preview"": ""{'value': 'Auteur actif dans le domaine médical :', 'meta': {}, 'opus': [{'title': [{'value': '&(Consultation sur la gravelle)&', 'meta': {'titles': ['(Consultation sur la gravelle)']}}], 'dateAndPlac""}, {""reference"": ""3119"", ""type"": ""dict"", ""preview"": ""{'value': 'Auteur actif dans le champ médical :', 'meta': {}, 'opus': [{'title': [{'value': '&Carmen de pulsibus&', 'meta': {'titles': ['Carmen de pulsibus']}}], 'dateAndPlace': [{'value': '?', 'meta'""}]"
textualProduction.discussedScience:not_list,35,"[{""reference"": ""16804"", ""type"": ""dict"", ""preview"": ""{'value': 'Œuvres dans le champ scientifique dont on considère aujourd’hui qu’$Arnau de VILANOVA$ n’est pas l’auteur :', 'meta': {'names': ['Arnau de VILANOVA']}, 'opus': [{'title': [{'value': '&Novum""}, {""reference"": ""476"", ""type"": ""dict"", ""preview"": ""{'value': 'Œuvres rejetées dans le champ scientifique :', 'meta': {}, 'opus': [{'title': [{'value': '&Commentum super librum Metheororum&', 'meta': {'titles': ['Commentum super librum Metheororum']}}]""}, {""reference"": ""385"", ""type"": ""dict"", ""preview"": ""{'value': 'Œuvre dans le champ scientifique dont l’authenticité n’est pas reconnue :', 'meta': {}, 'opus': [{'title': [{'value': '&Speculum astronomiae&', 'meta': {'titles': ['Speculum astronomiae']}}""}, {""reference"": ""487"", ""type"": ""dict"", ""preview"": ""{'value': 'Œuvres rejetées dans le champ scientifique :', 'meta': {}, 'opus': [{'title': [{'value': '&Libellus de algorismo&', 'meta': {'titles': ['Libellus de algorismo']}}], 'dateAndPlace': [{'value""}, {""reference"": ""421"", ""type"": ""dict"", ""preview"": ""{'value': 'Auteur actif dans le champ scientifique :', 'meta': {}, 'opus': [{'title': [{'value': '&Commentaria super tabulas Alphonsi Regis ad judicia astronomiae&', 'meta': {'titles': ['Commentaria s""}]"
textualProduction.discussedPhilosophy:not_list,30,"[{""reference"": ""482"", ""type"": ""dict"", ""preview"": ""{'value': 'Œuvres incertaines dans le champ philosophique :', 'meta': {}, 'opus': [{'title': [{'value': '&Metaphysicae Distinctiones&', 'meta': {'titles': ['Metaphysicae Distinctiones']}, 'comment': [""}, {""reference"": ""421"", ""type"": ""dict"", ""preview"": ""{'value': 'Auteur actif dans le champ philosophique :', 'meta': {}, 'opus': [{'title': [{'value': '&Expositio textus libri Priorum&', 'meta': {'titles': ['Expositio textus libri Priorum']}}], 'dateAnd""}, {""reference"": ""535"", ""type"": ""dict"", ""preview"": ""{'value': 'Oeuvres attribuées sans fondements dans le champ philosophique :', 'meta': {}, 'opus': [{'title': [{'value': '&De separatione primi principii&', 'meta': {'titles': ['De separatione primi pr""}, {""reference"": ""810"", ""type"": ""dict"", ""preview"": ""{'value': 'Auteur actif dans le champ philosophique :', 'meta': {}, 'opus': [{'title': [{'value': '&Questiones de anima&', 'meta': {'titles': ['Questiones de anima']}, 'comment': [\""\\t/Oeuvre de $Jean ""}, {""reference"": ""50875"", ""type"": ""dict"", ""preview"": ""{'value': 'Œuvres rejetées dans le champ philosophique :', 'meta': {}, 'opus': [{'title': [{'value': '&Quaestiones philosophicae&', 'meta': {'titles': ['Quaestiones philosophicae']}}], 'dateAndPlace':""}]"
textualProduction.music:not_list,29,"[{""reference"": ""172"", ""type"": ""dict"", ""preview"": ""{'value': 'Auteur actif dans le champ musical :', 'meta': {}, 'opus': [{'title': [{'value': '&Tractatus de laude et utilitate musicae&', 'meta': {'titles': ['Tractatus de laude et utilitate musicae']}""}, {""reference"": ""117"", ""type"": ""dict"", ""preview"": ""{'value': 'Auteur actif dans le champ musical :', 'meta': {}, 'opus': [{'title': [{'value': '&Li rondel&', 'meta': {'titles': ['Li rondel']}}], 'dateAndPlace': [{'value': '%1283%', 'meta': {'dates': [""}, {""reference"": ""50002"", ""type"": ""dict"", ""preview"": ""{'value': 'Auteur actif dans le champ musical ;', 'meta': {}, 'opus': [{'title': [{'value': \""&(Hymnes de l'office de Saint DOMNIO)&\"", 'meta': {'titles': [\""(Hymnes de l'office de Saint DOMNIO)\""]}}], 'd""}, {""reference"": ""520"", ""type"": ""dict"", ""preview"": ""{'value': 'Auteur actif dans le champ musical :', 'meta': {}, 'opus': [{'title': [{'value': '&Practica artis musicae&', 'meta': {'titles': ['Practica artis musicae']}}], 'dateAndPlace': [{'value': '%1""}, {""reference"": ""1132"", ""type"": ""dict"", ""preview"": ""{'value': 'Auteur actif dans le champ musical :', 'meta': {}, 'opus': [{'title': [{'value': '&Tractatulus de differentiis et generibus cantorum a Magistro Arnulpho de Sancto Gilleno editus&', 'meta': ""}]"
textualProduction.discussedHistory:not_list,28,"[{""reference"": ""482"", ""type"": ""dict"", ""preview"": ""{'value': 'Œuvres incertaines dans le champ politique :', 'meta': {}, 'opus': [{'title': [{'value': '&Tractatus de usura&', 'meta': {'titles': ['Tractatus de usura']}}], 'dateAndPlace': [{'value': '?'""}, {""reference"": ""476"", ""type"": ""dict"", ""preview"": ""{'value': 'Œuvres rejetées dans le champ historique :', 'meta': {}, 'opus': [{'title': [{'value': '&Mariale majus&', 'meta': {'titles': ['Mariale majus']}}], 'dateAndPlace': [{'value': '?', 'meta': {}""}, {""reference"": ""487"", ""type"": ""dict"", ""preview"": ""{'value': 'Œuvres rejetées dans le champ musical :', 'meta': {}, 'opus': [{'title': [{'value': '&Carmen de musica cum glossis&', 'meta': {'titles': ['Carmen de musica cum glossis']}}], 'dateAndPlace':""}, {""reference"": ""1101"", ""type"": ""dict"", ""preview"": ""{'value': 'Œuvre faussement attribuée dans le champ historique :', 'meta': {}, 'opus': [{'title': [{'value': '&De origine, de translatione ac statu romani imperii...&', 'meta': {'titles': ['De origine""}, {""reference"": ""50875"", ""type"": ""dict"", ""preview"": ""{'value': 'Œuvres rejetées dans les champs historique et politique :', 'meta': {}, 'opus': [{'title': [{'value': '&Questio in utramque partem&', 'meta': {'titles': ['Questio in utramque partem']}}], '""}]"
textualProduction.manyFields:not_list,13,"[{""reference"": ""58193"", ""type"": ""dict"", ""preview"": ""{'value': 'Oeuvre écrite en latin :', 'meta': {}, 'opus': [{'title': [{'value': '&Sermons de Blaise de Ceva&', 'meta': {'titles': ['Sermons de Blaise de Ceva']}}], 'dateAndPlace': [{'value': '%1517%.'""}, {""reference"": ""50873"", ""type"": ""dict"", ""preview"": ""{'value': 'Oeuvres écrites en latin.', 'meta': {}, 'opus': [{'title': [{'value': '&Opusculum de B. Mariae Laudibus&', 'meta': {'titles': ['Opusculum de B. Mariae Laudibus']}}], 'dateAndPlace': [{'valu""}, {""reference"": ""59896"", ""type"": ""dict"", ""preview"": ""{'value': 'Oeuvre écrite en latin :', 'meta': {}, 'opus': [{'title': [{'value': '&Ad novitios liber de reformatione interna&', 'meta': {'titles': ['Ad novitios liber de reformatione interna']}}], 'dat""}, {""reference"": ""5262"", ""type"": ""dict"", ""preview"": ""{'value': 'Œuvre écrite en latin.', 'meta': {}, 'opus': [{'title': [{'value': '[Comptes rendus des délibérations des assemblées de la Nation=anglaise].', 'meta': {'institutions': ['Nation=anglaise].']""}, {""reference"": ""56556"", ""type"": ""dict"", ""preview"": ""{'value': 'Oeuvres écrites en latin :', 'meta': {}, 'opus': [{'title': [{'value': '&Tractatus de Alchymia&', 'meta': {'titles': ['Tractatus de Alchymia']}}], 'dateAndPlace': [{'value': '?', 'meta': {}""}]"
textualProduction.discussedPhilosophyExtended:not_list,11,"[{""reference"": ""497"", ""type"": ""dict"", ""preview"": ""{'value': 'Oeuvre refusée dans le champ philologique ou rhétoriue ;', 'meta': {}, 'opus': [{'title': [{'value': '&(Allegoriae poeticae seu de veritate ac expositione poeticarum fabularum libri quatuor""}, {""reference"": ""1044"", ""type"": ""dict"", ""preview"": ""{'value': \""Il n'est probablement pas l'auteur d'un traité qui lui est parfois attribué :\"", 'meta': {}, 'opus': [{'title': [{'value': '&Ars praedicandi&', 'meta': {'titles': ['Ars praedicandi']}}], 'da""}, {""reference"": ""2455"", ""type"": ""dict"", ""preview"": ""{'value': 'Oeuvres d’attribution douteuses dans le domaine grammatical :', 'meta': {}, 'opus': [{'title': [{'value': '&Sententia super Barbarismo Prisciani&', 'meta': {'titles': ['Sententia super Barb""}, {""reference"": ""54530"", ""type"": ""dict"", ""preview"": ""{'value': 'Œuvres attribuées de façon erronée ou incertaine à $Hugues de SAINT-VICTOR$ dans le champ rhétorique :', 'meta': {'names': ['Hugues de SAINT-VICTOR']}, 'opus': [{'title': [{'value': '&De mo""}, {""reference"": ""57717"", ""type"": ""dict"", ""preview"": ""{'value': 'Oeuvres rejetées dans le domaine philologique :', 'meta': {}, 'opus': [{'title': [{'value': '&Commentum in Statii Thebaidem&', 'meta': {'titles': ['Commentum in Statii Thebaidem']}}], 'date""}]"
textualProduction.discussedJustice:not_list,9,"[{""reference"": ""476"", ""type"": ""dict"", ""preview"": ""{'value': 'Œuvres rejetées dans le champ juridique :', 'meta': {}, 'opus': [{'title': [{'value': '&Concordia utriusque juris&', 'meta': {'titles': ['Concordia utriusque juris']}}], 'dateAndPlace': [{'""}, {""reference"": ""749"", ""type"": ""dict"", ""preview"": ""{'value': 'Œuvre attribuée à tort dans le champ juridique :', 'meta': {}, 'opus': [{'title': [{'value': '&Lectura super libros Institutionum Justiniani&', 'meta': {'titles': ['Lectura super libros Ins""}, {""reference"": ""50875"", ""type"": ""dict"", ""preview"": ""{'value': 'Auteur actif dans le champ juridique :', 'meta': {}, 'opus': [{'title': [{'value': '&Tractatus de sponsalibus&', 'meta': {'titles': ['Tractatus de sponsalibus']}}], 'dateAndPlace': [{'value""}, {""reference"": ""2026"", ""type"": ""dict"", ""preview"": ""{'value': 'Attribution incertaine d’une ouvre dans le champ juridique :', 'meta': {}, 'opus': [{'title': [{'value': '&Liber aureus, sive Summa, de omni facultate&', 'meta': {'titles': ['Liber aureus, ""}, {""reference"": ""12498"", ""type"": ""dict"", ""preview"": ""{'value': 'Auteur actif dans le champ juridique :', 'meta': {}, 'opus': [{'title': [{'value': '&[Commentaire sur les Décrétales]&', 'meta': {'titles': ['[Commentaire sur les Décrétales]']}}], 'dateAnd""}]"
textualProduction.discussedMedicine:not_list,6,"[{""reference"": ""134"", ""type"": ""dict"", ""preview"": ""{'value': 'Auteur non actif dans le champ médical :', 'meta': {}, 'opus': [{'title': [{'value': '&Glossae in Hippocratis Aphorismos&', 'meta': {'titles': ['Glossae in Hippocratis Aphorismos']}, 'refer""}, {""reference"": ""16804"", ""type"": ""dict"", ""preview"": ""{'value': 'Œuvres dans le champ médical dont on considère aujourd’hui qu’$Arnau de VILANOVA$ n’est pas l’auteur :', 'meta': {'names': ['Arnau de VILANOVA']}, 'opus': [{'title': [{'value': '&Tractatus ""}, {""reference"": ""1192"", ""type"": ""dict"", ""preview"": ""{'value': 'Auteur actif dans le champ médical :', 'meta': {}, 'opus': [{'title': [{'value': '&Notule in Ysagogas Johannicii&', 'meta': {'titles': ['Notule in Ysagogas Johannicii']}}], 'dateAndPlace': ""}, {""reference"": ""3155"", ""type"": ""dict"", ""preview"": ""{'value': 'Auteur actif dans le champ médical :', 'meta': {}, 'opus': [{'title': [{'value': '&Summa de modo medendi&', 'meta': {'titles': ['Summa de modo medendi']}}], 'titleVariant': [{'value': '&Ger""}, {""reference"": ""8958"", ""type"": ""dict"", ""preview"": ""{'value': 'Auteur actif dans le champ médical :', 'meta': {}, 'opus': [{'title': [{'value': '&De regimine sterilitatis&', 'meta': {'titles': ['De regimine sterilitatis']}}], 'dateAndPlace': [{'value':""}]"
textualProduction.discussedLitterature:not_list,5,"[{""reference"": ""2667"", ""type"": ""dict"", ""preview"": ""{'value': 'Oeuvre refusée dans le champ littéraire :', 'meta': {}, 'opus': [{'title': [{'value': '&De vino et vitibus conservandis&', 'meta': {'titles': ['De vino et vitibus conservandis']}}], 'dateAn""}, {""reference"": ""17753"", ""type"": ""dict"", ""preview"": ""{'value': 'Auteur actif dans le champ littéraire :', 'meta': {}, 'opus': [{'title': [{'value': '&Le monologue du puys faict par Coquillart&', 'meta': {'titles': ['Le monologue du puys faict par Coquil""}, {""reference"": ""53672"", ""type"": ""dict"", ""preview"": ""{'value': 'Œuvres du champ littéraire dont l’attribution est rejettée :', 'meta': {}, 'opus': [{'title': [{'value': \""&Le lai d'Aristote&\"", 'meta': {'titles': [\""Le lai d'Aristote\""]}}], 'dateAndPlace': ""}, {""reference"": ""18181"", ""type"": ""dict"", ""preview"": ""{'value': 'Œuvre du champ littéraire dont l’attribution est rejettée :', 'meta': {}, 'opus': [{'title': [{'value': '&Libellus de obitu Iulii P. M.&', 'meta': {'titles': ['Libellus de obitu Iulii P. M.""}, {""reference"": ""11321"", ""type"": ""dict"", ""preview"": ""{'value': 'Œuvre du champ littéraire dont l’attribution n’est pas retenue :', 'meta': {}, 'opus': [{'title': [{'value': '&Poissance d’amours&', 'meta': {'titles': ['Poissance d’amours']}}], 'dateAndPl""}]"
textualProduction.pratical:not_list,4,"[{""reference"": ""3532"", ""type"": ""dict"", ""preview"": ""{'value': 'Auteur actif dans le champ pratique :', 'meta': {}, 'opus': [{'title': [{'value': \""&Livre de l'art de la faulconnerie et des chiens de chasse&\"", 'meta': {'titles': [\""Livre de l'art de la fa""}, {""reference"": ""9720"", ""type"": ""dict"", ""preview"": ""{'value': 'Auteur actif dans le champ pratique.', 'meta': {}, 'opus': [{'title': [{'value': '[Scheelska brefsamling]', 'meta': {}}], 'dateAndPlace': [{'value': 'Lettres écrites %1500:-:1516:%.', 'meta""}, {""reference"": ""60272"", ""type"": ""dict"", ""preview"": ""{'value': 'Auteur actif dans le champ pratique :', 'meta': {}, 'opus': [{'title': [{'value': '&Cato. Enarrationes. De re rustica&', 'meta': {'titles': ['Cato. Enarrationes. De re rustica']}}], 'dateAn""}, {""reference"": ""58754"", ""type"": ""dict"", ""preview"": ""{'value': 'Auteur actif dans le champ pratique :', 'meta': {}, 'opus': [{'title': [{'value': '&Les Reulles Seint Robert&', 'meta': {'titles': ['Les Reulles Seint Robert']}}], 'titleVariant': [{'value'""}]"
textualProduction.discussedPolitical:not_list,2,"[{""reference"": ""833"", ""type"": ""dict"", ""preview"": ""{'value': 'Auteur actif dans le champ politique :', 'meta': {}, 'opus': [{'title': [{'value': '&In librum Ethicorum&', 'meta': {'titles': ['In librum Ethicorum']}}], 'dateAndPlace': [{'value': '?', 'm""}, {""reference"": ""12547"", ""type"": ""dict"", ""preview"": ""{'value': 'Œuvres dans le champ politique dont l’attribution n’est pas retenue :', 'meta': {}, 'opus': [{'title': [{'value': '&De auctoritate summi pontificis ex symbolo Niceano&', 'meta': {'titles': ""}]"
textualProduction.discussedPratical:not_list,2,"[{""reference"": ""21664"", ""type"": ""dict"", ""preview"": ""{'value': 'Documents de la pratique :', 'meta': {}, 'opus': [{'title': [{'value': '&(Lettre sur le droit des Frères à entendre la confession)&', 'meta': {'titles': ['(Lettre sur le droit des Frères à ""}, {""reference"": ""58754"", ""type"": ""dict"", ""preview"": ""{'value': 'Œuvre du domaine pratique dont l’attribution est refusée :', 'meta': {}, 'opus': [{'title': [{'value': '&Liber Curialis&', 'meta': {'titles': ['Liber Curialis']}}], 'dateAndPlace': [{'value""}]"
